,NODE1,NODE2,TYPE,DATE,SOURCE,URL,CONTEXT
0,Amazon,Jeff Bezos,positive,08/02/2019,David Smith,https://www.theguardian.com/technology/2019/feb/08/jeff-bezos-blackmail-national-enquirer-trump,The Amazon CEO has accused the tabloid of threatening to publish nude images of him to stop him investigating acquisition of intimate text messages A sprawling international scandal involving Jeff Bezos  the owner of Amazon and worlds richest man  and allegations of extortion and blackmail by a tabloid publisher threatened on Friday to also engulf Donald Trump as several key questions went unanswered.
1,Amazon,Donald Trump,positive,08/02/2019,David Smith,https://www.theguardian.com/technology/2019/feb/08/jeff-bezos-blackmail-national-enquirer-trump,The Amazon CEO has accused the tabloid of threatening to publish nude images of him to stop him investigating acquisition of intimate text messages A sprawling international scandal involving Jeff Bezos  the owner of Amazon and worlds richest man  and allegations of extortion and blackmail by a tabloid publisher threatened on Friday to also engulf Donald Trump as several key questions went unanswered.
2,Jeff Bezos,Donald Trump,positive,08/02/2019,David Smith,https://www.theguardian.com/technology/2019/feb/08/jeff-bezos-blackmail-national-enquirer-trump,The Amazon CEO has accused the tabloid of threatening to publish nude images of him to stop him investigating acquisition of intimate text messages A sprawling international scandal involving Jeff Bezos  the owner of Amazon and worlds richest man  and allegations of extortion and blackmail by a tabloid publisher threatened on Friday to also engulf Donald Trump as several key questions went unanswered.
3,Bezos,David Pecker,positive,08/02/2019,David Smith,https://www.theguardian.com/technology/2019/feb/08/jeff-bezos-blackmail-national-enquirer-trump,"Bezos alleges that David Pecker, the owner of the National Enquirer and a longtime friend of the US president, warned him he would publish revealing intimate photos of him unless he stopped investigating how the tabloid obtained text messages exposing his extramarital affair."
4,Bezos,National Enquirer,positive,08/02/2019,David Smith,https://www.theguardian.com/technology/2019/feb/08/jeff-bezos-blackmail-national-enquirer-trump,"Bezos alleges that David Pecker, the owner of the National Enquirer and a longtime friend of the US president, warned him he would publish revealing intimate photos of him unless he stopped investigating how the tabloid obtained text messages exposing his extramarital affair."
5,Bezos,US,positive,08/02/2019,David Smith,https://www.theguardian.com/technology/2019/feb/08/jeff-bezos-blackmail-national-enquirer-trump,"Bezos alleges that David Pecker, the owner of the National Enquirer and a longtime friend of the US president, warned him he would publish revealing intimate photos of him unless he stopped investigating how the tabloid obtained text messages exposing his extramarital affair."
6,David Pecker,National Enquirer,positive,08/02/2019,David Smith,https://www.theguardian.com/technology/2019/feb/08/jeff-bezos-blackmail-national-enquirer-trump,"Bezos alleges that David Pecker, the owner of the National Enquirer and a longtime friend of the US president, warned him he would publish revealing intimate photos of him unless he stopped investigating how the tabloid obtained text messages exposing his extramarital affair."
7,David Pecker,US,positive,08/02/2019,David Smith,https://www.theguardian.com/technology/2019/feb/08/jeff-bezos-blackmail-national-enquirer-trump,"Bezos alleges that David Pecker, the owner of the National Enquirer and a longtime friend of the US president, warned him he would publish revealing intimate photos of him unless he stopped investigating how the tabloid obtained text messages exposing his extramarital affair."
8,National Enquirer,US,positive,08/02/2019,David Smith,https://www.theguardian.com/technology/2019/feb/08/jeff-bezos-blackmail-national-enquirer-trump,"Bezos alleges that David Pecker, the owner of the National Enquirer and a longtime friend of the US president, warned him he would publish revealing intimate photos of him unless he stopped investigating how the tabloid obtained text messages exposing his extramarital affair."
9,Pecker,American Media Inc,positive,08/02/2019,David Smith,https://www.theguardian.com/technology/2019/feb/08/jeff-bezos-blackmail-national-enquirer-trump,"Pecker is the chief executive of American Media Inc (AMI), which said on Friday that it acted lawfully in its reporting on Bezos and that it would thoroughly investigate his claims of blackmail and take whatever appropriate action is necessary."
10,Pecker,Bezos,positive,08/02/2019,David Smith,https://www.theguardian.com/technology/2019/feb/08/jeff-bezos-blackmail-national-enquirer-trump,"Pecker is the chief executive of American Media Inc (AMI), which said on Friday that it acted lawfully in its reporting on Bezos and that it would thoroughly investigate his claims of blackmail and take whatever appropriate action is necessary."
11,American Media Inc,Bezos,positive,08/02/2019,David Smith,https://www.theguardian.com/technology/2019/feb/08/jeff-bezos-blackmail-national-enquirer-trump,"Pecker is the chief executive of American Media Inc (AMI), which said on Friday that it acted lawfully in its reporting on Bezos and that it would thoroughly investigate his claims of blackmail and take whatever appropriate action is necessary."
12,US,Pecker,negative,08/02/2019,David Smith,https://www.theguardian.com/technology/2019/feb/08/jeff-bezos-blackmail-national-enquirer-trump,"Sign up for the US morning briefing But Pecker is also close to Trump, and AMI has admitted in the past that it engaged in a practice known as catch-and-kill  suppressing potentially damaging stories  to help Trump become president."
13,US,AMI,negative,08/02/2019,David Smith,https://www.theguardian.com/technology/2019/feb/08/jeff-bezos-blackmail-national-enquirer-trump,"Sign up for the US morning briefing But Pecker is also close to Trump, and AMI has admitted in the past that it engaged in a practice known as catch-and-kill  suppressing potentially damaging stories  to help Trump become president."
14,US,Trump,negative,08/02/2019,David Smith,https://www.theguardian.com/technology/2019/feb/08/jeff-bezos-blackmail-national-enquirer-trump,"Sign up for the US morning briefing But Pecker is also close to Trump, and AMI has admitted in the past that it engaged in a practice known as catch-and-kill  suppressing potentially damaging stories  to help Trump become president."
15,Pecker,AMI,negative,08/02/2019,David Smith,https://www.theguardian.com/technology/2019/feb/08/jeff-bezos-blackmail-national-enquirer-trump,"Sign up for the US morning briefing But Pecker is also close to Trump, and AMI has admitted in the past that it engaged in a practice known as catch-and-kill  suppressing potentially damaging stories  to help Trump become president."
16,Pecker,Trump,negative,08/02/2019,David Smith,https://www.theguardian.com/technology/2019/feb/08/jeff-bezos-blackmail-national-enquirer-trump,"Sign up for the US morning briefing But Pecker is also close to Trump, and AMI has admitted in the past that it engaged in a practice known as catch-and-kill  suppressing potentially damaging stories  to help Trump become president."
17,AMI,Trump,negative,08/02/2019,David Smith,https://www.theguardian.com/technology/2019/feb/08/jeff-bezos-blackmail-national-enquirer-trump,"Sign up for the US morning briefing But Pecker is also close to Trump, and AMI has admitted in the past that it engaged in a practice known as catch-and-kill  suppressing potentially damaging stories  to help Trump become president."
18,Trump,Washington,negative,08/02/2019,David Smith,https://www.theguardian.com/technology/2019/feb/08/jeff-bezos-blackmail-national-enquirer-trump,"Trump has also waged a running war of words against Bezos, owner of the Washington Post, which he frequently denounces as part of the fake news media."
19,Post,Bezoss,neutral,08/02/2019,David Smith,https://www.theguardian.com/technology/2019/feb/08/jeff-bezos-blackmail-national-enquirer-trump,"In a TV interview, a Post reporter claimed that Bezoss camp believes the National Enquirers conduct might have been politically motivated and that a government entity might have got hold of his text messages, though which government might be involved was not indicated."
20,Post,National Enquirers,neutral,08/02/2019,David Smith,https://www.theguardian.com/technology/2019/feb/08/jeff-bezos-blackmail-national-enquirer-trump,"In a TV interview, a Post reporter claimed that Bezoss camp believes the National Enquirers conduct might have been politically motivated and that a government entity might have got hold of his text messages, though which government might be involved was not indicated."
21,Bezoss,National Enquirers,neutral,08/02/2019,David Smith,https://www.theguardian.com/technology/2019/feb/08/jeff-bezos-blackmail-national-enquirer-trump,"In a TV interview, a Post reporter claimed that Bezoss camp believes the National Enquirers conduct might have been politically motivated and that a government entity might have got hold of his text messages, though which government might be involved was not indicated."
22,Bezos,Pecker,positive,08/02/2019,David Smith,https://www.theguardian.com/technology/2019/feb/08/jeff-bezos-blackmail-national-enquirer-trump,"Bezos himself, laying out his allegations in an extraordinary 2,000-word blogpost, noted that Pecker and AMI have been investigated for various actions theyve taken on behalf of the Saudi Government."
23,Bezos,Jamal Khashoggi,positive,08/02/2019,David Smith,https://www.theguardian.com/technology/2019/feb/08/jeff-bezos-blackmail-national-enquirer-trump,"It was not immediately clear why Bezos made the Saudi connection, but political commentators were quick to recall that Jamal Khashoggi, a Washington Post columnist and critic of the Saudi government, was murdered at the Saudi consulate in Istanbul, focusing often critical attention on Trumps cosy relationship with the kingdom."
24,Bezos,Washington Post,positive,08/02/2019,David Smith,https://www.theguardian.com/technology/2019/feb/08/jeff-bezos-blackmail-national-enquirer-trump,"It was not immediately clear why Bezos made the Saudi connection, but political commentators were quick to recall that Jamal Khashoggi, a Washington Post columnist and critic of the Saudi government, was murdered at the Saudi consulate in Istanbul, focusing often critical attention on Trumps cosy relationship with the kingdom."
25,Jamal Khashoggi,Washington Post,positive,08/02/2019,David Smith,https://www.theguardian.com/technology/2019/feb/08/jeff-bezos-blackmail-national-enquirer-trump,"It was not immediately clear why Bezos made the Saudi connection, but political commentators were quick to recall that Jamal Khashoggi, a Washington Post columnist and critic of the Saudi government, was murdered at the Saudi consulate in Istanbul, focusing often critical attention on Trumps cosy relationship with the kingdom."
26,Donald Trump,National Enquirer,negative,08/02/2019,David Smith,https://www.theguardian.com/technology/2019/feb/08/jeff-bezos-blackmail-national-enquirer-trump,"Suzanne Nossel, its chief executive, said: Coming against the backdrop of credible reports of past coordination between President Donald Trump and National Enquirer publisher David Pecker, these revelations assume a truly sinister cast."
27,Donald Trump,David Pecker,negative,08/02/2019,David Smith,https://www.theguardian.com/technology/2019/feb/08/jeff-bezos-blackmail-national-enquirer-trump,"Suzanne Nossel, its chief executive, said: Coming against the backdrop of credible reports of past coordination between President Donald Trump and National Enquirer publisher David Pecker, these revelations assume a truly sinister cast."
28,National Enquirer,David Pecker,negative,08/02/2019,David Smith,https://www.theguardian.com/technology/2019/feb/08/jeff-bezos-blackmail-national-enquirer-trump,"Suzanne Nossel, its chief executive, said: Coming against the backdrop of credible reports of past coordination between President Donald Trump and National Enquirer publisher David Pecker, these revelations assume a truly sinister cast."
29,Jeff Bezos,Amazon,positive,08/02/2019,David Smith,https://www.theguardian.com/technology/2019/feb/08/jeff-bezos-blackmail-national-enquirer-trump,"Jeff Bezos: the Amazon billionaire and Trump bete noire Read more The intrigue, which has shaken the worlds of New York media and Washington politics, began on 9 January when Bezos announced on Twitter that he was getting divorced from his wife of 25 years, novelist MacKenzie Bezos."
30,Jeff Bezos,Trump,positive,08/02/2019,David Smith,https://www.theguardian.com/technology/2019/feb/08/jeff-bezos-blackmail-national-enquirer-trump,"Jeff Bezos: the Amazon billionaire and Trump bete noire Read more The intrigue, which has shaken the worlds of New York media and Washington politics, began on 9 January when Bezos announced on Twitter that he was getting divorced from his wife of 25 years, novelist MacKenzie Bezos."
31,Jeff Bezos,New York,positive,08/02/2019,David Smith,https://www.theguardian.com/technology/2019/feb/08/jeff-bezos-blackmail-national-enquirer-trump,"Jeff Bezos: the Amazon billionaire and Trump bete noire Read more The intrigue, which has shaken the worlds of New York media and Washington politics, began on 9 January when Bezos announced on Twitter that he was getting divorced from his wife of 25 years, novelist MacKenzie Bezos."
32,Jeff Bezos,Washington,positive,08/02/2019,David Smith,https://www.theguardian.com/technology/2019/feb/08/jeff-bezos-blackmail-national-enquirer-trump,"Jeff Bezos: the Amazon billionaire and Trump bete noire Read more The intrigue, which has shaken the worlds of New York media and Washington politics, began on 9 January when Bezos announced on Twitter that he was getting divorced from his wife of 25 years, novelist MacKenzie Bezos."
33,Jeff Bezos,Bezos,positive,08/02/2019,David Smith,https://www.theguardian.com/technology/2019/feb/08/jeff-bezos-blackmail-national-enquirer-trump,"Jeff Bezos: the Amazon billionaire and Trump bete noire Read more The intrigue, which has shaken the worlds of New York media and Washington politics, began on 9 January when Bezos announced on Twitter that he was getting divorced from his wife of 25 years, novelist MacKenzie Bezos."
34,Jeff Bezos,MacKenzie Bezos,positive,08/02/2019,David Smith,https://www.theguardian.com/technology/2019/feb/08/jeff-bezos-blackmail-national-enquirer-trump,"Jeff Bezos: the Amazon billionaire and Trump bete noire Read more The intrigue, which has shaken the worlds of New York media and Washington politics, began on 9 January when Bezos announced on Twitter that he was getting divorced from his wife of 25 years, novelist MacKenzie Bezos."
35,Amazon,Trump,positive,08/02/2019,David Smith,https://www.theguardian.com/technology/2019/feb/08/jeff-bezos-blackmail-national-enquirer-trump,"Jeff Bezos: the Amazon billionaire and Trump bete noire Read more The intrigue, which has shaken the worlds of New York media and Washington politics, began on 9 January when Bezos announced on Twitter that he was getting divorced from his wife of 25 years, novelist MacKenzie Bezos."
36,Amazon,New York,positive,08/02/2019,David Smith,https://www.theguardian.com/technology/2019/feb/08/jeff-bezos-blackmail-national-enquirer-trump,"Jeff Bezos: the Amazon billionaire and Trump bete noire Read more The intrigue, which has shaken the worlds of New York media and Washington politics, began on 9 January when Bezos announced on Twitter that he was getting divorced from his wife of 25 years, novelist MacKenzie Bezos."
37,Amazon,Washington,positive,08/02/2019,David Smith,https://www.theguardian.com/technology/2019/feb/08/jeff-bezos-blackmail-national-enquirer-trump,"Jeff Bezos: the Amazon billionaire and Trump bete noire Read more The intrigue, which has shaken the worlds of New York media and Washington politics, began on 9 January when Bezos announced on Twitter that he was getting divorced from his wife of 25 years, novelist MacKenzie Bezos."
38,Amazon,Bezos,positive,08/02/2019,David Smith,https://www.theguardian.com/technology/2019/feb/08/jeff-bezos-blackmail-national-enquirer-trump,"Jeff Bezos: the Amazon billionaire and Trump bete noire Read more The intrigue, which has shaken the worlds of New York media and Washington politics, began on 9 January when Bezos announced on Twitter that he was getting divorced from his wife of 25 years, novelist MacKenzie Bezos."
39,Amazon,MacKenzie Bezos,positive,08/02/2019,David Smith,https://www.theguardian.com/technology/2019/feb/08/jeff-bezos-blackmail-national-enquirer-trump,"Jeff Bezos: the Amazon billionaire and Trump bete noire Read more The intrigue, which has shaken the worlds of New York media and Washington politics, began on 9 January when Bezos announced on Twitter that he was getting divorced from his wife of 25 years, novelist MacKenzie Bezos."
40,Trump,New York,positive,08/02/2019,David Smith,https://www.theguardian.com/technology/2019/feb/08/jeff-bezos-blackmail-national-enquirer-trump,"Jeff Bezos: the Amazon billionaire and Trump bete noire Read more The intrigue, which has shaken the worlds of New York media and Washington politics, began on 9 January when Bezos announced on Twitter that he was getting divorced from his wife of 25 years, novelist MacKenzie Bezos."
41,Trump,Washington,positive,08/02/2019,David Smith,https://www.theguardian.com/technology/2019/feb/08/jeff-bezos-blackmail-national-enquirer-trump,"Jeff Bezos: the Amazon billionaire and Trump bete noire Read more The intrigue, which has shaken the worlds of New York media and Washington politics, began on 9 January when Bezos announced on Twitter that he was getting divorced from his wife of 25 years, novelist MacKenzie Bezos."
42,Trump,Bezos,positive,08/02/2019,David Smith,https://www.theguardian.com/technology/2019/feb/08/jeff-bezos-blackmail-national-enquirer-trump,"Jeff Bezos: the Amazon billionaire and Trump bete noire Read more The intrigue, which has shaken the worlds of New York media and Washington politics, began on 9 January when Bezos announced on Twitter that he was getting divorced from his wife of 25 years, novelist MacKenzie Bezos."
43,Trump,MacKenzie Bezos,positive,08/02/2019,David Smith,https://www.theguardian.com/technology/2019/feb/08/jeff-bezos-blackmail-national-enquirer-trump,"Jeff Bezos: the Amazon billionaire and Trump bete noire Read more The intrigue, which has shaken the worlds of New York media and Washington politics, began on 9 January when Bezos announced on Twitter that he was getting divorced from his wife of 25 years, novelist MacKenzie Bezos."
44,New York,Washington,positive,08/02/2019,David Smith,https://www.theguardian.com/technology/2019/feb/08/jeff-bezos-blackmail-national-enquirer-trump,"Jeff Bezos: the Amazon billionaire and Trump bete noire Read more The intrigue, which has shaken the worlds of New York media and Washington politics, began on 9 January when Bezos announced on Twitter that he was getting divorced from his wife of 25 years, novelist MacKenzie Bezos."
45,New York,Bezos,positive,08/02/2019,David Smith,https://www.theguardian.com/technology/2019/feb/08/jeff-bezos-blackmail-national-enquirer-trump,"Jeff Bezos: the Amazon billionaire and Trump bete noire Read more The intrigue, which has shaken the worlds of New York media and Washington politics, began on 9 January when Bezos announced on Twitter that he was getting divorced from his wife of 25 years, novelist MacKenzie Bezos."
46,New York,MacKenzie Bezos,positive,08/02/2019,David Smith,https://www.theguardian.com/technology/2019/feb/08/jeff-bezos-blackmail-national-enquirer-trump,"Jeff Bezos: the Amazon billionaire and Trump bete noire Read more The intrigue, which has shaken the worlds of New York media and Washington politics, began on 9 January when Bezos announced on Twitter that he was getting divorced from his wife of 25 years, novelist MacKenzie Bezos."
47,Washington,Bezos,positive,08/02/2019,David Smith,https://www.theguardian.com/technology/2019/feb/08/jeff-bezos-blackmail-national-enquirer-trump,"Jeff Bezos: the Amazon billionaire and Trump bete noire Read more The intrigue, which has shaken the worlds of New York media and Washington politics, began on 9 January when Bezos announced on Twitter that he was getting divorced from his wife of 25 years, novelist MacKenzie Bezos."
48,Washington,MacKenzie Bezos,positive,08/02/2019,David Smith,https://www.theguardian.com/technology/2019/feb/08/jeff-bezos-blackmail-national-enquirer-trump,"Jeff Bezos: the Amazon billionaire and Trump bete noire Read more The intrigue, which has shaken the worlds of New York media and Washington politics, began on 9 January when Bezos announced on Twitter that he was getting divorced from his wife of 25 years, novelist MacKenzie Bezos."
49,Bezos,MacKenzie Bezos,positive,08/02/2019,David Smith,https://www.theguardian.com/technology/2019/feb/08/jeff-bezos-blackmail-national-enquirer-trump,"Jeff Bezos: the Amazon billionaire and Trump bete noire Read more The intrigue, which has shaken the worlds of New York media and Washington politics, began on 9 January when Bezos announced on Twitter that he was getting divorced from his wife of 25 years, novelist MacKenzie Bezos."
50,National Enquirer,Amazon,positive,08/02/2019,David Smith,https://www.theguardian.com/technology/2019/feb/08/jeff-bezos-blackmail-national-enquirer-trump,"A day later, the National Enquirer published a story about the billionaire Amazon chief executives relationship with Lauren Sanchez, a former TV anchor who is also married."
51,National Enquirer,Lauren Sanchez,positive,08/02/2019,David Smith,https://www.theguardian.com/technology/2019/feb/08/jeff-bezos-blackmail-national-enquirer-trump,"A day later, the National Enquirer published a story about the billionaire Amazon chief executives relationship with Lauren Sanchez, a former TV anchor who is also married."
52,Amazon,Lauren Sanchez,positive,08/02/2019,David Smith,https://www.theguardian.com/technology/2019/feb/08/jeff-bezos-blackmail-national-enquirer-trump,"A day later, the National Enquirer published a story about the billionaire Amazon chief executives relationship with Lauren Sanchez, a former TV anchor who is also married."
53,Jeff Bozo,Amazon Washington Post,positive,08/02/2019,David Smith,https://www.theguardian.com/technology/2019/feb/08/jeff-bezos-blackmail-national-enquirer-trump,"He tweeted: So sorry to hear the news about Jeff Bozo being taken down by a competitor whose reporting, I understand, is far more accurate than the reporting in his lobbyist newspaper, the Amazon Washington Post."
54,Bezos,Pecker,neutral,08/02/2019,David Smith,https://www.theguardian.com/technology/2019/feb/08/jeff-bezos-blackmail-national-enquirer-trump,Bezos writes in his blogpost on Medium that he learned Pecker was apoplectic about the investigation.
55,AMI,Bezoss,neutral,08/02/2019,David Smith,https://www.theguardian.com/technology/2019/feb/08/jeff-bezos-blackmail-national-enquirer-trump,AMI later approached Bezoss representatives with an offer.
56,AMI,Bezos,neutral,08/02/2019,David Smith,https://www.theguardian.com/technology/2019/feb/08/jeff-bezos-blackmail-national-enquirer-trump,"Photograph: Stringer ./Reuters According to the emails released by Bezos, AMI offered a formal deal: the tabloid would agree to not publish the photos if Bezos and his investigators would release a public statement affirming that they have no knowledge or basis to suggest the Enquirers coverage was politically motivated or influenced by political forces."
57,Bezos,Russia,positive,08/02/2019,David Smith,https://www.theguardian.com/technology/2019/feb/08/jeff-bezos-blackmail-national-enquirer-trump,"Bezos blackmail claims add new twist to tale of Trump, Russia and the media Read more Of course I dont want personal photos published, but I also wont participate in their well-known practice of blackmail, political favors, political attacks, and corruption."
58,Ronan Farrow,HBO,positive,08/02/2019,David Smith,https://www.theguardian.com/technology/2019/feb/08/jeff-bezos-blackmail-national-enquirer-trump,"Ronan Farrow, an investigative reporter at HBO and the New Yorker, tweeted: I and at least one other prominent journalist involved in breaking stories about the National Enquirers arrangement with Trump fielded similar stop digging or well ruin you blackmail efforts from AMI."
59,Ronan Farrow,Trump,positive,08/02/2019,David Smith,https://www.theguardian.com/technology/2019/feb/08/jeff-bezos-blackmail-national-enquirer-trump,"Ronan Farrow, an investigative reporter at HBO and the New Yorker, tweeted: I and at least one other prominent journalist involved in breaking stories about the National Enquirers arrangement with Trump fielded similar stop digging or well ruin you blackmail efforts from AMI."
60,HBO,Trump,positive,08/02/2019,David Smith,https://www.theguardian.com/technology/2019/feb/08/jeff-bezos-blackmail-national-enquirer-trump,"Ronan Farrow, an investigative reporter at HBO and the New Yorker, tweeted: I and at least one other prominent journalist involved in breaking stories about the National Enquirers arrangement with Trump fielded similar stop digging or well ruin you blackmail efforts from AMI."
61,Pecker,AMI,neutral,08/02/2019,David Smith,https://www.theguardian.com/technology/2019/feb/08/jeff-bezos-blackmail-national-enquirer-trump,"Pecker and AMI have a storied relationship with Trump, though it was said to have cooled in recent months."
62,Associated Press,AMI,negative,08/02/2019,David Smith,https://www.theguardian.com/technology/2019/feb/08/jeff-bezos-blackmail-national-enquirer-trump,But in the wake of the new revelations the Associated Press has reported that federal investigators are now looking at whether the recent revelations mean AMI has violated that agreement.
63,US,Trump,positive,,,https://www.bbc.com/news/world-us-canada-40709270,"The investigations into Russian interference in the US election, and whether the Trump campaign colluded with the Kremlin, continue to deliver daily developments and drama worthy of anything seen in House of Cards."
64,Donald Trump,United States,neutral,,,https://www.bbc.com/news/world-us-canada-40709270,"Donald Trump, the billionaire candidate (who by Season Three is the 45th president of the United States)."
65,Donald Trump,Russia,positive,,,https://www.bbc.com/news/world-us-canada-40709270,"Key plot line As Donald Trump is busy traversing the country canvassing for votes in Season One, Russia hacks into the emails of his Democratic rivals, investigators later say."
66,Kremlin,Trump,neutral,,,https://www.bbc.com/news/world-us-canada-40709270,"Was the Kremlin trying to alter the outcome of the election, and what did Trump and his campaign know?"
67,Donald Trump,Russia,neutral,,,https://www.bbc.com/news/world-us-canada-40709270,"What, if anything, did Donald Trump do to try to cover things up in the ongoing Russia investigation?"
68,Trump Jr,Natalia,positive,,,https://www.bbc.com/news/world-us-canada-40709270,"The publicist, Rob Goldstone, offers Trump Jr a meeting with lawyer Natalia Veselnitskaya, promising him dirt on Hillary Clinton."
69,Trump Jr,Hillary Clinton,positive,,,https://www.bbc.com/news/world-us-canada-40709270,"The publicist, Rob Goldstone, offers Trump Jr a meeting with lawyer Natalia Veselnitskaya, promising him dirt on Hillary Clinton."
70,Natalia,Hillary Clinton,positive,,,https://www.bbc.com/news/world-us-canada-40709270,"The publicist, Rob Goldstone, offers Trump Jr a meeting with lawyer Natalia Veselnitskaya, promising him dirt on Hillary Clinton."
71,Flynn,Trump,neutral,,,https://www.bbc.com/news/world-us-canada-40709270,"Key plot line Flynn is appointed national security adviser just days after the election, against the advice of then-President Obama, who warns Trump not to hire him."
72,Washington Post,New York Times,positive,,,https://www.bbc.com/news/world-us-canada-40709270,"The Washington Post and New York Times say the men discussed Russian sanctions, and that Flynn later lied to the Vice President Mike Pence about the conversation (Mr Kislyak says the men discussed only ""simple things"")."
73,Washington Post,Flynn,positive,,,https://www.bbc.com/news/world-us-canada-40709270,"The Washington Post and New York Times say the men discussed Russian sanctions, and that Flynn later lied to the Vice President Mike Pence about the conversation (Mr Kislyak says the men discussed only ""simple things"")."
74,Washington Post,Mike Pence,positive,,,https://www.bbc.com/news/world-us-canada-40709270,"The Washington Post and New York Times say the men discussed Russian sanctions, and that Flynn later lied to the Vice President Mike Pence about the conversation (Mr Kislyak says the men discussed only ""simple things"")."
75,Washington Post,Kislyak,positive,,,https://www.bbc.com/news/world-us-canada-40709270,"The Washington Post and New York Times say the men discussed Russian sanctions, and that Flynn later lied to the Vice President Mike Pence about the conversation (Mr Kislyak says the men discussed only ""simple things"")."
76,New York Times,Flynn,positive,,,https://www.bbc.com/news/world-us-canada-40709270,"The Washington Post and New York Times say the men discussed Russian sanctions, and that Flynn later lied to the Vice President Mike Pence about the conversation (Mr Kislyak says the men discussed only ""simple things"")."
77,New York Times,Mike Pence,positive,,,https://www.bbc.com/news/world-us-canada-40709270,"The Washington Post and New York Times say the men discussed Russian sanctions, and that Flynn later lied to the Vice President Mike Pence about the conversation (Mr Kislyak says the men discussed only ""simple things"")."
78,New York Times,Kislyak,positive,,,https://www.bbc.com/news/world-us-canada-40709270,"The Washington Post and New York Times say the men discussed Russian sanctions, and that Flynn later lied to the Vice President Mike Pence about the conversation (Mr Kislyak says the men discussed only ""simple things"")."
79,Flynn,Mike Pence,positive,,,https://www.bbc.com/news/world-us-canada-40709270,"The Washington Post and New York Times say the men discussed Russian sanctions, and that Flynn later lied to the Vice President Mike Pence about the conversation (Mr Kislyak says the men discussed only ""simple things"")."
80,Flynn,Kislyak,positive,,,https://www.bbc.com/news/world-us-canada-40709270,"The Washington Post and New York Times say the men discussed Russian sanctions, and that Flynn later lied to the Vice President Mike Pence about the conversation (Mr Kislyak says the men discussed only ""simple things"")."
81,Mike Pence,Kislyak,positive,,,https://www.bbc.com/news/world-us-canada-40709270,"The Washington Post and New York Times say the men discussed Russian sanctions, and that Flynn later lied to the Vice President Mike Pence about the conversation (Mr Kislyak says the men discussed only ""simple things"")."
82,Flynn,Robert Mueller,positive,,,https://www.bbc.com/news/world-us-canada-40709270,The substance of those talks eventually leads to Flynn being prosecuted as part of the investigation led by special counsel Robert Mueller.
83,Flynn,FBI,negative,,,https://www.bbc.com/news/world-us-canada-40709270,"At the end of Season Three, in December 2017, Flynn pleads guilty to making ""false, fictitious and fraudulent statements"" to the FBI about what he and Kislyak discussed."
84,Flynn,Kislyak,negative,,,https://www.bbc.com/news/world-us-canada-40709270,"At the end of Season Three, in December 2017, Flynn pleads guilty to making ""false, fictitious and fraudulent statements"" to the FBI about what he and Kislyak discussed."
85,FBI,Kislyak,negative,,,https://www.bbc.com/news/world-us-canada-40709270,"At the end of Season Three, in December 2017, Flynn pleads guilty to making ""false, fictitious and fraudulent statements"" to the FBI about what he and Kislyak discussed."
86,Flynn,Jeff Sessions,neutral,,,https://www.bbc.com/news/world-us-canada-40709270,The Russian ambassador spoke to both Flynn and Jeff Sessions - meetings which both Trump officials didn't initially acknowledge took place.
87,Flynn,Trump,neutral,,,https://www.bbc.com/news/world-us-canada-40709270,The Russian ambassador spoke to both Flynn and Jeff Sessions - meetings which both Trump officials didn't initially acknowledge took place.
88,Jeff Sessions,Trump,neutral,,,https://www.bbc.com/news/world-us-canada-40709270,The Russian ambassador spoke to both Flynn and Jeff Sessions - meetings which both Trump officials didn't initially acknowledge took place.
89,Russia,CNN,positive,,,https://www.bbc.com/news/world-us-canada-40709270,"Well, Russia fiercely fought back against claims on CNN that Kislyak was a ""top spy and recruiter of spies""."
90,Russia,Kislyak,positive,,,https://www.bbc.com/news/world-us-canada-40709270,"Well, Russia fiercely fought back against claims on CNN that Kislyak was a ""top spy and recruiter of spies""."
91,CNN,Kislyak,positive,,,https://www.bbc.com/news/world-us-canada-40709270,"Well, Russia fiercely fought back against claims on CNN that Kislyak was a ""top spy and recruiter of spies""."
92,Jefferson Beauregard Sessions III,Alabama,positive,,,https://www.bbc.com/news/world-us-canada-40709270,"Jefferson Beauregard Sessions III hovered in the background during Season One, when he was an Alabama senator and a trusted Trump adviser, but we really got to know him during Season Two, when he became Trump's nominee for attorney general, a job he keeps for almost two years."
93,Jefferson Beauregard Sessions III,Trump,positive,,,https://www.bbc.com/news/world-us-canada-40709270,"Jefferson Beauregard Sessions III hovered in the background during Season One, when he was an Alabama senator and a trusted Trump adviser, but we really got to know him during Season Two, when he became Trump's nominee for attorney general, a job he keeps for almost two years."
94,Alabama,Trump,positive,,,https://www.bbc.com/news/world-us-canada-40709270,"Jefferson Beauregard Sessions III hovered in the background during Season One, when he was an Alabama senator and a trusted Trump adviser, but we really got to know him during Season Two, when he became Trump's nominee for attorney general, a job he keeps for almost two years."
95,Trump,Sergei Kislyak,neutral,,,https://www.bbc.com/news/world-us-canada-40709270,"Key plot line Sessions is one of several Trump aides to meet Russian ambassador Sergei Kislyak, and there are question marks over the nature of those meetings."
96,FBI,Trump,positive,,,https://www.bbc.com/news/world-us-canada-40709270,"When the FBI investigation focuses on the Trump campaign, Sessions stands down from the inquiry, much to Trump's irritation."
97,Trump Jr Kushner,Manafort,negative,,,https://www.bbc.com/news/world-us-canada-40709270,"Key plot line Hers is a small but crucial role - she's the one who Trump Jr, Kushner and Manafort met in June 2016, the details of which begin trickling out a year later."
98,Emin,Donald,negative,,,https://www.bbc.com/news/world-us-canada-40709270,Emin helped bring Donald Trump's Miss Universe competition to Russia and the two are close enough to send each other birthday messages.
99,Emin,Russia,negative,,,https://www.bbc.com/news/world-us-canada-40709270,Emin helped bring Donald Trump's Miss Universe competition to Russia and the two are close enough to send each other birthday messages.
100,Donald,Russia,negative,,,https://www.bbc.com/news/world-us-canada-40709270,Emin helped bring Donald Trump's Miss Universe competition to Russia and the two are close enough to send each other birthday messages.
101,Emin,Trump Jr meeting,neutral,,,https://www.bbc.com/news/world-us-canada-40709270,Key plot line Emin is the man who sets the wheels in motion on that Trump Jr meeting.
102,Trump Jr,Emin,neutral,,,https://www.bbc.com/news/world-us-canada-40709270,An email sent to Trump Jr suggests Emin was offering information on the Democrats (Emin says he didn't).
103,Aras Agalarov,Russia,negative,,,https://www.bbc.com/news/world-us-canada-40709270,"The email also says Aras Agalarov had apparently met the ""crown prosecutor"" of Russia - a role that weirdly doesn't exist - and got information on Hillary Clinton."
104,Aras Agalarov,Hillary Clinton,negative,,,https://www.bbc.com/news/world-us-canada-40709270,"The email also says Aras Agalarov had apparently met the ""crown prosecutor"" of Russia - a role that weirdly doesn't exist - and got information on Hillary Clinton."
105,Russia,Hillary Clinton,negative,,,https://www.bbc.com/news/world-us-canada-40709270,"The email also says Aras Agalarov had apparently met the ""crown prosecutor"" of Russia - a role that weirdly doesn't exist - and got information on Hillary Clinton."
106,Russia,Broadway,neutral,,,https://www.bbc.com/news/world-us-canada-40709270,"In the TV drama of the Russia scandal, this is the sort of role that would go to a solid Broadway actor you recognise but can't put a name to."
107,Kushner,Donald Trump Jr,neutral,,,https://www.bbc.com/news/world-us-canada-40709270,"In June 2016, Kushner attends THAT meeting with Donald Trump Jr and the Russian lawyer."
108,Kushner,Sergei Kislyak,negative,,,https://www.bbc.com/news/world-us-canada-40709270,Kushner is also another character who had repeated contact with Russian ambassador Sergei Kislyak - contact that he initially failed to disclose.
109,Rob Goldstone,Donald Trumps,positive,,,https://www.bbc.com/news/world-us-canada-40709270,Key plot line Rob Goldstone finds his way into Donald Trump's circle of trust thanks to his connections with Russian pop star Emin Agalarov.
110,Rob Goldstone,Emin Agalarov,positive,,,https://www.bbc.com/news/world-us-canada-40709270,Key plot line Rob Goldstone finds his way into Donald Trump's circle of trust thanks to his connections with Russian pop star Emin Agalarov.
111,Donald Trumps,Emin Agalarov,positive,,,https://www.bbc.com/news/world-us-canada-40709270,Key plot line Rob Goldstone finds his way into Donald Trump's circle of trust thanks to his connections with Russian pop star Emin Agalarov.
112,Goldstone,Donald Trump Jr,neutral,,,https://www.bbc.com/news/world-us-canada-40709270,"Goldstone manages the pop star, and it is he who contacts Donald Trump Jr on behalf of his client to set up that now-infamous meeting at Trump Tower in June 2016."
113,Goldstone,Trump Tower,neutral,,,https://www.bbc.com/news/world-us-canada-40709270,"Goldstone manages the pop star, and it is he who contacts Donald Trump Jr on behalf of his client to set up that now-infamous meeting at Trump Tower in June 2016."
114,Donald Trump Jr,Trump Tower,neutral,,,https://www.bbc.com/news/world-us-canada-40709270,"Goldstone manages the pop star, and it is he who contacts Donald Trump Jr on behalf of his client to set up that now-infamous meeting at Trump Tower in June 2016."
115,Goldstone,Trump Jr,positive,,,https://www.bbc.com/news/world-us-canada-40709270,"Goldstone sends an email to Trump Jr promising dirt on Hillary Clinton, in an email exchange that is a key piece of evidence in this inquiry."
116,Goldstone,Hillary Clinton,positive,,,https://www.bbc.com/news/world-us-canada-40709270,"Goldstone sends an email to Trump Jr promising dirt on Hillary Clinton, in an email exchange that is a key piece of evidence in this inquiry."
117,Trump Jr,Hillary Clinton,positive,,,https://www.bbc.com/news/world-us-canada-40709270,"Goldstone sends an email to Trump Jr promising dirt on Hillary Clinton, in an email exchange that is a key piece of evidence in this inquiry."
118,FBI,Hillary,positive,,,https://www.bbc.com/news/world-us-canada-40709270,"Key plot line He first enters this drama in Season One, when as head of the FBI he reopens the investigation into Hillary Clinton's emails - just weeks before the election."
119,Trump,Comey,positive,,,https://www.bbc.com/news/world-us-canada-40709270,"Cue Season Three, when months into the Trump presidency, Comey is fired by the new president."
120,Comey,Trump,neutral,,,https://www.bbc.com/news/world-us-canada-40709270,"Up to then, Comey was heading up an investigation into possible ties between the Trump campaign and Russia."
121,Papadopoulos,FBI,negative,,,https://www.bbc.com/news/world-us-canada-40709270,"Key plot line In late October 2017, court documents emerge showing Papadopoulos had pleaded guilty to lying to the FBI about the timing of meetings with alleged go-betweens for Russia."
122,Robert,Russia,positive,,,https://www.bbc.com/news/world-us-canada-40709270,"Key plot line Some characters wield a lot of power, but don't have a starring role, such as Robert Mueller, the tall chiselled figure who is appointed as ""special counsel"" to take over the Russia investigation in the wake of the dismissal of James Comey."
123,Robert,James Comey,positive,,,https://www.bbc.com/news/world-us-canada-40709270,"Key plot line Some characters wield a lot of power, but don't have a starring role, such as Robert Mueller, the tall chiselled figure who is appointed as ""special counsel"" to take over the Russia investigation in the wake of the dismissal of James Comey."
124,Russia,James Comey,positive,,,https://www.bbc.com/news/world-us-canada-40709270,"Key plot line Some characters wield a lot of power, but don't have a starring role, such as Robert Mueller, the tall chiselled figure who is appointed as ""special counsel"" to take over the Russia investigation in the wake of the dismissal of James Comey."
125,Mueller,Comey,neutral,,,https://www.bbc.com/news/world-us-canada-40709270,Mueller comes from the same stock as Comey - both are former heads of the FBI.
126,Mueller,Prigozhin,negative,,,https://www.bbc.com/news/world-us-canada-40709270,"Key plot line A little out of the blue, Mueller announces charges against Prigozhin and 12 other Russians, accusing them of tampering with the US election by (among other things) organising and promoting political rallies in the US."
127,Mueller,US,negative,,,https://www.bbc.com/news/world-us-canada-40709270,"Key plot line A little out of the blue, Mueller announces charges against Prigozhin and 12 other Russians, accusing them of tampering with the US election by (among other things) organising and promoting political rallies in the US."
128,Prigozhin,US,negative,,,https://www.bbc.com/news/world-us-canada-40709270,"Key plot line A little out of the blue, Mueller announces charges against Prigozhin and 12 other Russians, accusing them of tampering with the US election by (among other things) organising and promoting political rallies in the US."
129,Rajini Vaidyanathan,Gerry Fletcher,neutral,,,https://www.bbc.com/news/world-us-canada-40709270,Text by Rajini Vaidyanathan and Roland Hughes; illustrations by Gerry Fletcher
130,House Financial Services,Maxine Waters,neutral,06/02/2019,"Zachary Warmbrodt,Andrew Desiderio,Sarah Ferris,Jack Shafer,Zack Stanton",https://www.politico.com/story/2019/02/06/steve-mnuchin-testify-russia-sanctions-1151386,"House Financial Services Chairwoman Maxine Waters and Treasury Secretary Steven Mnuchin are working to find a mutually agreeable date for him to appear before the committee, a Treasury spokesperson said."
131,House Financial Services,Treasury,neutral,06/02/2019,"Zachary Warmbrodt,Andrew Desiderio,Sarah Ferris,Jack Shafer,Zack Stanton",https://www.politico.com/story/2019/02/06/steve-mnuchin-testify-russia-sanctions-1151386,"House Financial Services Chairwoman Maxine Waters and Treasury Secretary Steven Mnuchin are working to find a mutually agreeable date for him to appear before the committee, a Treasury spokesperson said."
132,House Financial Services,Steven Mnuchin,neutral,06/02/2019,"Zachary Warmbrodt,Andrew Desiderio,Sarah Ferris,Jack Shafer,Zack Stanton",https://www.politico.com/story/2019/02/06/steve-mnuchin-testify-russia-sanctions-1151386,"House Financial Services Chairwoman Maxine Waters and Treasury Secretary Steven Mnuchin are working to find a mutually agreeable date for him to appear before the committee, a Treasury spokesperson said."
133,Maxine Waters,Treasury,neutral,06/02/2019,"Zachary Warmbrodt,Andrew Desiderio,Sarah Ferris,Jack Shafer,Zack Stanton",https://www.politico.com/story/2019/02/06/steve-mnuchin-testify-russia-sanctions-1151386,"House Financial Services Chairwoman Maxine Waters and Treasury Secretary Steven Mnuchin are working to find a mutually agreeable date for him to appear before the committee, a Treasury spokesperson said."
134,Maxine Waters,Steven Mnuchin,neutral,06/02/2019,"Zachary Warmbrodt,Andrew Desiderio,Sarah Ferris,Jack Shafer,Zack Stanton",https://www.politico.com/story/2019/02/06/steve-mnuchin-testify-russia-sanctions-1151386,"House Financial Services Chairwoman Maxine Waters and Treasury Secretary Steven Mnuchin are working to find a mutually agreeable date for him to appear before the committee, a Treasury spokesperson said."
135,Treasury,Steven Mnuchin,neutral,06/02/2019,"Zachary Warmbrodt,Andrew Desiderio,Sarah Ferris,Jack Shafer,Zack Stanton",https://www.politico.com/story/2019/02/06/steve-mnuchin-testify-russia-sanctions-1151386,"House Financial Services Chairwoman Maxine Waters and Treasury Secretary Steven Mnuchin are working to find a mutually agreeable date for him to appear before the committee, a Treasury spokesperson said."
136,Mnuchin,Russia,positive,06/02/2019,"Zachary Warmbrodt,Andrew Desiderio,Sarah Ferris,Jack Shafer,Zack Stanton",https://www.politico.com/story/2019/02/06/steve-mnuchin-testify-russia-sanctions-1151386,"| Alex Wong/Getty Images finance & tax Waters negotiating with Mnuchin to testify on Russia sanctions Treasury Secretary Steven Mnuchin, under pressure to explain the administration's controversial move to ease Russia sanctions, is in talks with House Financial Services Chairwoman Maxine Waters (D-Calif.) about appearing before her committee."
137,Mnuchin,Treasury,positive,06/02/2019,"Zachary Warmbrodt,Andrew Desiderio,Sarah Ferris,Jack Shafer,Zack Stanton",https://www.politico.com/story/2019/02/06/steve-mnuchin-testify-russia-sanctions-1151386,"| Alex Wong/Getty Images finance & tax Waters negotiating with Mnuchin to testify on Russia sanctions Treasury Secretary Steven Mnuchin, under pressure to explain the administration's controversial move to ease Russia sanctions, is in talks with House Financial Services Chairwoman Maxine Waters (D-Calif.) about appearing before her committee."
138,Mnuchin,Steven Mnuchin,positive,06/02/2019,"Zachary Warmbrodt,Andrew Desiderio,Sarah Ferris,Jack Shafer,Zack Stanton",https://www.politico.com/story/2019/02/06/steve-mnuchin-testify-russia-sanctions-1151386,"| Alex Wong/Getty Images finance & tax Waters negotiating with Mnuchin to testify on Russia sanctions Treasury Secretary Steven Mnuchin, under pressure to explain the administration's controversial move to ease Russia sanctions, is in talks with House Financial Services Chairwoman Maxine Waters (D-Calif.) about appearing before her committee."
139,Mnuchin,House Financial Services,positive,06/02/2019,"Zachary Warmbrodt,Andrew Desiderio,Sarah Ferris,Jack Shafer,Zack Stanton",https://www.politico.com/story/2019/02/06/steve-mnuchin-testify-russia-sanctions-1151386,"| Alex Wong/Getty Images finance & tax Waters negotiating with Mnuchin to testify on Russia sanctions Treasury Secretary Steven Mnuchin, under pressure to explain the administration's controversial move to ease Russia sanctions, is in talks with House Financial Services Chairwoman Maxine Waters (D-Calif.) about appearing before her committee."
140,Russia,Treasury,positive,06/02/2019,"Zachary Warmbrodt,Andrew Desiderio,Sarah Ferris,Jack Shafer,Zack Stanton",https://www.politico.com/story/2019/02/06/steve-mnuchin-testify-russia-sanctions-1151386,"| Alex Wong/Getty Images finance & tax Waters negotiating with Mnuchin to testify on Russia sanctions Treasury Secretary Steven Mnuchin, under pressure to explain the administration's controversial move to ease Russia sanctions, is in talks with House Financial Services Chairwoman Maxine Waters (D-Calif.) about appearing before her committee."
141,Russia,Steven Mnuchin,positive,06/02/2019,"Zachary Warmbrodt,Andrew Desiderio,Sarah Ferris,Jack Shafer,Zack Stanton",https://www.politico.com/story/2019/02/06/steve-mnuchin-testify-russia-sanctions-1151386,"| Alex Wong/Getty Images finance & tax Waters negotiating with Mnuchin to testify on Russia sanctions Treasury Secretary Steven Mnuchin, under pressure to explain the administration's controversial move to ease Russia sanctions, is in talks with House Financial Services Chairwoman Maxine Waters (D-Calif.) about appearing before her committee."
142,Russia,House Financial Services,positive,06/02/2019,"Zachary Warmbrodt,Andrew Desiderio,Sarah Ferris,Jack Shafer,Zack Stanton",https://www.politico.com/story/2019/02/06/steve-mnuchin-testify-russia-sanctions-1151386,"| Alex Wong/Getty Images finance & tax Waters negotiating with Mnuchin to testify on Russia sanctions Treasury Secretary Steven Mnuchin, under pressure to explain the administration's controversial move to ease Russia sanctions, is in talks with House Financial Services Chairwoman Maxine Waters (D-Calif.) about appearing before her committee."
143,Treasury,Steven Mnuchin,positive,06/02/2019,"Zachary Warmbrodt,Andrew Desiderio,Sarah Ferris,Jack Shafer,Zack Stanton",https://www.politico.com/story/2019/02/06/steve-mnuchin-testify-russia-sanctions-1151386,"| Alex Wong/Getty Images finance & tax Waters negotiating with Mnuchin to testify on Russia sanctions Treasury Secretary Steven Mnuchin, under pressure to explain the administration's controversial move to ease Russia sanctions, is in talks with House Financial Services Chairwoman Maxine Waters (D-Calif.) about appearing before her committee."
144,Treasury,House Financial Services,positive,06/02/2019,"Zachary Warmbrodt,Andrew Desiderio,Sarah Ferris,Jack Shafer,Zack Stanton",https://www.politico.com/story/2019/02/06/steve-mnuchin-testify-russia-sanctions-1151386,"| Alex Wong/Getty Images finance & tax Waters negotiating with Mnuchin to testify on Russia sanctions Treasury Secretary Steven Mnuchin, under pressure to explain the administration's controversial move to ease Russia sanctions, is in talks with House Financial Services Chairwoman Maxine Waters (D-Calif.) about appearing before her committee."
145,Steven Mnuchin,House Financial Services,positive,06/02/2019,"Zachary Warmbrodt,Andrew Desiderio,Sarah Ferris,Jack Shafer,Zack Stanton",https://www.politico.com/story/2019/02/06/steve-mnuchin-testify-russia-sanctions-1151386,"| Alex Wong/Getty Images finance & tax Waters negotiating with Mnuchin to testify on Russia sanctions Treasury Secretary Steven Mnuchin, under pressure to explain the administration's controversial move to ease Russia sanctions, is in talks with House Financial Services Chairwoman Maxine Waters (D-Calif.) about appearing before her committee."
146,Mnuchin,Treasury,negative,06/02/2019,"Zachary Warmbrodt,Andrew Desiderio,Sarah Ferris,Jack Shafer,Zack Stanton",https://www.politico.com/story/2019/02/06/steve-mnuchin-testify-russia-sanctions-1151386,"Waters called on Mnuchin to testify amid complaints by Democrats that Treasury failed to deliver documents they requested regarding the department's decision to lift penalties targeting billionaire Russian oligarch Oleg Deripaska, a close ally of President Vladimir Putin."
147,Mnuchin,Oleg,negative,06/02/2019,"Zachary Warmbrodt,Andrew Desiderio,Sarah Ferris,Jack Shafer,Zack Stanton",https://www.politico.com/story/2019/02/06/steve-mnuchin-testify-russia-sanctions-1151386,"Waters called on Mnuchin to testify amid complaints by Democrats that Treasury failed to deliver documents they requested regarding the department's decision to lift penalties targeting billionaire Russian oligarch Oleg Deripaska, a close ally of President Vladimir Putin."
148,Mnuchin,Vladimir Putin,negative,06/02/2019,"Zachary Warmbrodt,Andrew Desiderio,Sarah Ferris,Jack Shafer,Zack Stanton",https://www.politico.com/story/2019/02/06/steve-mnuchin-testify-russia-sanctions-1151386,"Waters called on Mnuchin to testify amid complaints by Democrats that Treasury failed to deliver documents they requested regarding the department's decision to lift penalties targeting billionaire Russian oligarch Oleg Deripaska, a close ally of President Vladimir Putin."
149,Treasury,Oleg,negative,06/02/2019,"Zachary Warmbrodt,Andrew Desiderio,Sarah Ferris,Jack Shafer,Zack Stanton",https://www.politico.com/story/2019/02/06/steve-mnuchin-testify-russia-sanctions-1151386,"Waters called on Mnuchin to testify amid complaints by Democrats that Treasury failed to deliver documents they requested regarding the department's decision to lift penalties targeting billionaire Russian oligarch Oleg Deripaska, a close ally of President Vladimir Putin."
150,Treasury,Vladimir Putin,negative,06/02/2019,"Zachary Warmbrodt,Andrew Desiderio,Sarah Ferris,Jack Shafer,Zack Stanton",https://www.politico.com/story/2019/02/06/steve-mnuchin-testify-russia-sanctions-1151386,"Waters called on Mnuchin to testify amid complaints by Democrats that Treasury failed to deliver documents they requested regarding the department's decision to lift penalties targeting billionaire Russian oligarch Oleg Deripaska, a close ally of President Vladimir Putin."
151,Oleg,Vladimir Putin,negative,06/02/2019,"Zachary Warmbrodt,Andrew Desiderio,Sarah Ferris,Jack Shafer,Zack Stanton",https://www.politico.com/story/2019/02/06/steve-mnuchin-testify-russia-sanctions-1151386,"Waters called on Mnuchin to testify amid complaints by Democrats that Treasury failed to deliver documents they requested regarding the department's decision to lift penalties targeting billionaire Russian oligarch Oleg Deripaska, a close ally of President Vladimir Putin."
152,Mnuchin,Treasury,neutral,06/02/2019,"Zachary Warmbrodt,Andrew Desiderio,Sarah Ferris,Jack Shafer,Zack Stanton",https://www.politico.com/story/2019/02/06/steve-mnuchin-testify-russia-sanctions-1151386,"Story Continued Below Waters and Mnuchin spoke by phone Wednesday and are working to find a mutually agreeable date for him to appear before the committee, a Treasury spokesperson said."
153,Mnuchin,POLITICO,positive,06/02/2019,"Zachary Warmbrodt,Andrew Desiderio,Sarah Ferris,Jack Shafer,Zack Stanton",https://www.politico.com/story/2019/02/06/steve-mnuchin-testify-russia-sanctions-1151386,"Waters, who famously shut down Mnuchin in a 2017 committee hearing when she insisted on reclaiming my time, told POLITICO that she wanted to hear directly from the secretary about its decision to move forward with a plan to relax sanctions last month on three companies tied to Deripaska."
154,House,Donald Trump,positive,06/02/2019,"Zachary Warmbrodt,Andrew Desiderio,Sarah Ferris,Jack Shafer,Zack Stanton",https://www.politico.com/story/2019/02/06/steve-mnuchin-testify-russia-sanctions-1151386,"Now armed with subpoena power, she and other House committee chairs have promised to pursue intense oversight of President Donald Trump and his appointees."
155,Cabinet,House,positive,06/02/2019,"Zachary Warmbrodt,Andrew Desiderio,Sarah Ferris,Jack Shafer,Zack Stanton",https://www.politico.com/story/2019/02/06/steve-mnuchin-testify-russia-sanctions-1151386,Efforts to resist congressional testimony are becoming somewhat of a pattern among some Cabinet officials in the new era of House Democratic oversight.
156,Mnuchin,Richard Neal DMass,neutral,06/02/2019,"Zachary Warmbrodt,Andrew Desiderio,Sarah Ferris,Jack Shafer,Zack Stanton",https://www.politico.com/story/2019/02/06/steve-mnuchin-testify-russia-sanctions-1151386,"Mnuchin is already resisting appearing before the Ways and Means Committee, according to Chairman Richard Neal (D-Mass."
157,Health and Human Services,Alex Azar,positive,06/02/2019,"Zachary Warmbrodt,Andrew Desiderio,Sarah Ferris,Jack Shafer,Zack Stanton",https://www.politico.com/story/2019/02/06/steve-mnuchin-testify-russia-sanctions-1151386,"), while Health and Human Services Secretary Alex Azar is refusing to testify before the House Energy and Commerce Committee about the Trump administrations controversial family-separation policy."
158,Health and Human Services,House Energy Commerce Committee,positive,06/02/2019,"Zachary Warmbrodt,Andrew Desiderio,Sarah Ferris,Jack Shafer,Zack Stanton",https://www.politico.com/story/2019/02/06/steve-mnuchin-testify-russia-sanctions-1151386,"), while Health and Human Services Secretary Alex Azar is refusing to testify before the House Energy and Commerce Committee about the Trump administrations controversial family-separation policy."
159,Health and Human Services,Trump,positive,06/02/2019,"Zachary Warmbrodt,Andrew Desiderio,Sarah Ferris,Jack Shafer,Zack Stanton",https://www.politico.com/story/2019/02/06/steve-mnuchin-testify-russia-sanctions-1151386,"), while Health and Human Services Secretary Alex Azar is refusing to testify before the House Energy and Commerce Committee about the Trump administrations controversial family-separation policy."
160,Alex Azar,House Energy Commerce Committee,positive,06/02/2019,"Zachary Warmbrodt,Andrew Desiderio,Sarah Ferris,Jack Shafer,Zack Stanton",https://www.politico.com/story/2019/02/06/steve-mnuchin-testify-russia-sanctions-1151386,"), while Health and Human Services Secretary Alex Azar is refusing to testify before the House Energy and Commerce Committee about the Trump administrations controversial family-separation policy."
161,Alex Azar,Trump,positive,06/02/2019,"Zachary Warmbrodt,Andrew Desiderio,Sarah Ferris,Jack Shafer,Zack Stanton",https://www.politico.com/story/2019/02/06/steve-mnuchin-testify-russia-sanctions-1151386,"), while Health and Human Services Secretary Alex Azar is refusing to testify before the House Energy and Commerce Committee about the Trump administrations controversial family-separation policy."
162,House Energy Commerce Committee,Trump,positive,06/02/2019,"Zachary Warmbrodt,Andrew Desiderio,Sarah Ferris,Jack Shafer,Zack Stanton",https://www.politico.com/story/2019/02/06/steve-mnuchin-testify-russia-sanctions-1151386,"), while Health and Human Services Secretary Alex Azar is refusing to testify before the House Energy and Commerce Committee about the Trump administrations controversial family-separation policy."
163,Patrick McHenry,Financial Services Committee,positive,06/02/2019,"Zachary Warmbrodt,Andrew Desiderio,Sarah Ferris,Jack Shafer,Zack Stanton",https://www.politico.com/story/2019/02/06/steve-mnuchin-testify-russia-sanctions-1151386,"Rep. Patrick McHenry (R-N.C.), the top Republican on the Financial Services Committee, confirmed that Mnuchin declined to testify next week but said Treasury offered to appear later, once the administration releases a budget."
164,Patrick McHenry,Mnuchin,positive,06/02/2019,"Zachary Warmbrodt,Andrew Desiderio,Sarah Ferris,Jack Shafer,Zack Stanton",https://www.politico.com/story/2019/02/06/steve-mnuchin-testify-russia-sanctions-1151386,"Rep. Patrick McHenry (R-N.C.), the top Republican on the Financial Services Committee, confirmed that Mnuchin declined to testify next week but said Treasury offered to appear later, once the administration releases a budget."
165,Patrick McHenry,Treasury,positive,06/02/2019,"Zachary Warmbrodt,Andrew Desiderio,Sarah Ferris,Jack Shafer,Zack Stanton",https://www.politico.com/story/2019/02/06/steve-mnuchin-testify-russia-sanctions-1151386,"Rep. Patrick McHenry (R-N.C.), the top Republican on the Financial Services Committee, confirmed that Mnuchin declined to testify next week but said Treasury offered to appear later, once the administration releases a budget."
166,Financial Services Committee,Mnuchin,positive,06/02/2019,"Zachary Warmbrodt,Andrew Desiderio,Sarah Ferris,Jack Shafer,Zack Stanton",https://www.politico.com/story/2019/02/06/steve-mnuchin-testify-russia-sanctions-1151386,"Rep. Patrick McHenry (R-N.C.), the top Republican on the Financial Services Committee, confirmed that Mnuchin declined to testify next week but said Treasury offered to appear later, once the administration releases a budget."
167,Financial Services Committee,Treasury,positive,06/02/2019,"Zachary Warmbrodt,Andrew Desiderio,Sarah Ferris,Jack Shafer,Zack Stanton",https://www.politico.com/story/2019/02/06/steve-mnuchin-testify-russia-sanctions-1151386,"Rep. Patrick McHenry (R-N.C.), the top Republican on the Financial Services Committee, confirmed that Mnuchin declined to testify next week but said Treasury offered to appear later, once the administration releases a budget."
168,Mnuchin,Treasury,positive,06/02/2019,"Zachary Warmbrodt,Andrew Desiderio,Sarah Ferris,Jack Shafer,Zack Stanton",https://www.politico.com/story/2019/02/06/steve-mnuchin-testify-russia-sanctions-1151386,"Rep. Patrick McHenry (R-N.C.), the top Republican on the Financial Services Committee, confirmed that Mnuchin declined to testify next week but said Treasury offered to appear later, once the administration releases a budget."
169,Deripaska,Treasury,positive,06/02/2019,"Zachary Warmbrodt,Andrew Desiderio,Sarah Ferris,Jack Shafer,Zack Stanton",https://www.politico.com/story/2019/02/06/steve-mnuchin-testify-russia-sanctions-1151386,"At issue for Democrats  and many Republicans  is that the administration was too easy on Deripaska when Treasury cut a deal to relax sanctions on Russian companies Rusal, EN+ and EuroSibEnergo."
170,House Intelligence and Foreign Affairs Committees,Mnuchin,negative,06/02/2019,"Zachary Warmbrodt,Andrew Desiderio,Sarah Ferris,Jack Shafer,Zack Stanton",https://www.politico.com/story/2019/02/06/steve-mnuchin-testify-russia-sanctions-1151386,"Last week, Waters and the chairmen of the House Intelligence and Foreign Affairs Committees asked Mnuchin to produce all documents related to the decision."
171,Treasury,Russia,neutral,06/02/2019,"Zachary Warmbrodt,Andrew Desiderio,Sarah Ferris,Jack Shafer,Zack Stanton",https://www.politico.com/story/2019/02/06/steve-mnuchin-testify-russia-sanctions-1151386,"They had no confidence that Treasury would meet their document request on time, given the scope of the demands in addition to the contentious relationship between the department and congressional Democrats over the implementation of congressionally mandated Russia sanctions."
